Source,Target,Weight
0,1,0.007416666029069652
0,2,0.017292370176009153
1,2,0.0020711102661086223
